<?xml version="1.0" encoding="UTF-8"?>
<project-private xmlns="http://www.netbeans.org/ns/project-private/1">
    <editor-bookmarks xmlns="http://www.netbeans.org/ns/editor-bookmarks/2" lastBookmarkId="0"/>
    <open-files xmlns="http://www.netbeans.org/ns/projectui-open-files/2">
        <group>
            <file>file:/C:/Users/USER/Desktop/pormientras/ExamenSP/web/agregardo.html</file>
            <file>file:/C:/Users/USER/Desktop/pormientras/ExamenSP/src/java/ConsultarDocente.java</file>
            <file>file:/C:/Users/USER/Desktop/pormientras/ExamenSP/src/java/AgregarDocente.java</file>
            <file>file:/C:/Users/USER/Desktop/pormientras/ExamenSP/web/principal.html</file>
        </group>
    </open-files>
</project-private>
